,area,bedrooms,bathrooms,stories,mainroad,guestroom,basement,hotwaterheating,airconditioning,parking,prefarea,furnishingstatus
126,7160,3,1,1,1.0,0.0,1.0,0.0,0.0,2,1.0,2.0
363,3584,2,1,1,1.0,0.0,0.0,1.0,0.0,0,0.0,1.0
370,4280,2,1,1,1.0,0.0,0.0,0.0,1.0,2,0.0,1.0
31,7000,3,1,4,1.0,0.0,0.0,0.0,1.0,2,0.0,1.0
113,9620,3,1,1,1.0,0.0,1.0,0.0,0.0,2,1.0,0.0
222,9166,2,1,1,1.0,0.0,1.0,0.0,1.0,2,0.0,1.0
462,2160,3,1,2,0.0,0.0,1.0,0.0,0.0,0,0.0,1.0
177,6050,3,1,1,1.0,0.0,1.0,0.0,0.0,0,1.0,1.0
57,9000,4,2,4,1.0,1.0,0.0,0.0,1.0,1,1.0,0.0
244,5320,3,1,2,1.0,1.0,1.0,0.0,0.0,0,1.0,1.0
24,8800,3,2,2,1.0,0.0,0.0,0.0,1.0,2,0.0,0.0
17,8500,3,2,4,1.0,0.0,0.0,0.0,1.0,2,0.0,0.0
402,5880,2,1,1,1.0,0.0,0.0,0.0,0.0,0,0.0,2.0
66,13200,2,1,1,1.0,0.0,1.0,1.0,0.0,1,0.0,0.0
238,4510,4,2,2,1.0,0.0,1.0,0.0,0.0,0,0.0,1.0
272,4075,3,1,1,1.0,1.0,1.0,0.0,0.0,2,0.0,1.0
261,3510,3,1,2,1.0,0.0,0.0,0.0,0.0,0,0.0,1.0
353,2856,3,1,3,1.0,0.0,0.0,0.0,0.0,0,1.0,0.0
94,6000,4,2,4,1.0,0.0,0.0,0.0,0.0,1,0.0,1.0
180,4500,4,2,1,0.0,0.0,1.0,0.0,1.0,2,0.0,1.0
192,6600,3,1,1,1.0,1.0,1.0,0.0,0.0,0,1.0,0.0
250,3510,3,1,3,1.0,0.0,0.0,0.0,0.0,0,0.0,1.0
23,4560,3,2,2,1.0,1.0,1.0,0.0,1.0,1,0.0,0.0
502,3480,2,1,1,1.0,0.0,0.0,0.0,0.0,1,0.0,1.0
456,2398,3,1,1,1.0,0.0,0.0,0.0,0.0,0,1.0,1.0
518,3500,2,1,1,1.0,1.0,0.0,0.0,0.0,0,0.0,2.0
5,7500,3,3,1,1.0,0.0,1.0,0.0,1.0,2,1.0,1.0
116,6900,3,2,1,1.0,1.0,1.0,0.0,0.0,0,1.0,2.0
45,6000,3,2,3,1.0,0.0,0.0,0.0,1.0,0,0.0,1.0
311,6060,2,1,1,1.0,0.0,1.0,0.0,0.0,1,0.0,1.0
312,3600,3,1,1,1.0,0.0,1.0,0.0,1.0,0,1.0,0.0
16,6600,4,2,2,1.0,1.0,1.0,0.0,1.0,1,1.0,2.0
48,4300,3,2,2,1.0,0.0,1.0,0.0,0.0,1,0.0,2.0
204,4770,3,1,1,1.0,1.0,1.0,0.0,0.0,0,0.0,1.0
414,4040,2,1,1,1.0,0.0,0.0,0.0,0.0,0,0.0,2.0
3,7500,4,2,2,1.0,0.0,1.0,0.0,1.0,3,1.0,0.0
268,4950,4,1,2,1.0,0.0,0.0,0.0,1.0,0,0.0,1.0
340,5300,5,2,2,1.0,0.0,0.0,0.0,0.0,0,0.0,1.0
60,6000,3,2,2,1.0,1.0,0.0,0.0,0.0,1,0.0,1.0
196,7686,3,1,1,1.0,1.0,1.0,1.0,0.0,0,0.0,1.0
524,3264,2,1,1,1.0,0.0,0.0,0.0,0.0,0,0.0,2.0
110,6600,3,1,1,1.0,1.0,1.0,0.0,0.0,2,1.0,1.0
362,4050,2,1,1,1.0,0.0,0.0,0.0,0.0,0,0.0,0.0
297,3640,3,2,2,1.0,0.0,1.0,0.0,0.0,0,0.0,2.0
29,5500,4,2,2,1.0,0.0,1.0,0.0,1.0,1,1.0,1.0
234,3880,3,2,2,1.0,0.0,1.0,0.0,0.0,2,0.0,1.0
211,12900,3,1,1,1.0,0.0,0.0,0.0,0.0,2,0.0,0.0
26,6000,3,2,4,1.0,1.0,1.0,0.0,1.0,0,1.0,1.0
7,16200,5,3,2,1.0,0.0,0.0,0.0,0.0,0,0.0,2.0
181,7200,3,1,2,1.0,1.0,1.0,0.0,0.0,1,1.0,0.0
50,7440,3,2,4,1.0,0.0,0.0,0.0,0.0,1,1.0,2.0
108,3240,4,1,3,1.0,0.0,0.0,0.0,0.0,1,0.0,1.0
37,9000,4,2,4,1.0,0.0,0.0,0.0,1.0,2,0.0,0.0
157,2817,4,2,2,0.0,1.0,1.0,0.0,0.0,1,0.0,0.0
519,4840,2,1,2,1.0,0.0,0.0,0.0,0.0,0,0.0,2.0
118,6420,3,1,1,1.0,0.0,1.0,0.0,1.0,0,1.0,0.0
407,2145,3,1,3,1.0,0.0,0.0,0.0,0.0,0,1.0,0.0
114,6800,2,1,1,1.0,1.0,1.0,0.0,0.0,2,0.0,0.0
515,3210,3,1,2,1.0,0.0,1.0,0.0,0.0,0,0.0,2.0
203,5400,4,1,2,1.0,0.0,0.0,0.0,0.0,0,0.0,1.0
175,9800,4,2,2,1.0,1.0,0.0,0.0,0.0,2,0.0,1.0
380,4500,2,1,1,1.0,0.0,0.0,0.0,0.0,0,0.0,1.0
231,4320,3,1,1,1.0,0.0,0.0,0.0,0.0,0,1.0,1.0
144,4700,4,1,2,1.0,1.0,1.0,0.0,1.0,1,0.0,0.0
194,8150,3,2,1,1.0,1.0,1.0,0.0,0.0,0,0.0,1.0
420,4120,2,1,2,1.0,0.0,0.0,0.0,0.0,0,0.0,2.0
433,3480,4,1,2,0.0,0.0,0.0,0.0,0.0,1,0.0,1.0
248,4100,2,2,1,1.0,1.0,1.0,0.0,0.0,0,0.0,1.0
289,5850,2,1,1,1.0,1.0,1.0,0.0,0.0,2,0.0,1.0
415,4785,3,1,2,1.0,1.0,1.0,0.0,1.0,1,0.0,0.0
505,4000,3,1,2,1.0,0.0,0.0,0.0,1.0,0,0.0,2.0
141,6660,4,2,2,1.0,1.0,1.0,0.0,0.0,1,1.0,1.0
416,3450,3,1,1,1.0,0.0,1.0,0.0,0.0,2,0.0,2.0
67,7700,3,2,1,1.0,0.0,0.0,0.0,0.0,2,0.0,2.0
281,4500,2,1,1,1.0,0.0,0.0,0.0,1.0,2,0.0,0.0
227,6000,2,1,1,1.0,0.0,1.0,0.0,1.0,1,0.0,0.0
168,4260,4,1,2,1.0,0.0,1.0,0.0,1.0,0,0.0,0.0
188,5720,2,1,2,1.0,0.0,0.0,0.0,1.0,0,1.0,2.0
329,3960,3,1,2,1.0,0.0,0.0,0.0,0.0,0,0.0,0.0
428,4040,2,1,1,1.0,0.0,0.0,0.0,0.0,1,0.0,2.0
496,4000,2,1,1,1.0,0.0,0.0,0.0,0.0,0,0.0,2.0
193,4800,2,1,1,1.0,1.0,1.0,0.0,0.0,0,0.0,1.0
81,4000,3,2,2,1.0,0.0,1.0,0.0,1.0,1,0.0,1.0
109,6615,4,2,2,1.0,1.0,0.0,1.0,0.0,1,0.0,1.0
287,5500,3,1,2,1.0,0.0,0.0,0.0,1.0,0,0.0,2.0
145,5000,3,1,4,1.0,0.0,0.0,0.0,0.0,0,0.0,0.0
92,4800,3,2,4,1.0,1.0,0.0,0.0,1.0,0,0.0,0.0
152,5400,5,1,2,1.0,1.0,1.0,0.0,1.0,0,1.0,0.0
464,4500,2,1,2,1.0,0.0,0.0,1.0,0.0,1,0.0,1.0
447,3500,2,1,1,0.0,0.0,1.0,0.0,0.0,0,0.0,1.0
257,8250,3,1,1,1.0,0.0,0.0,0.0,0.0,0,0.0,0.0
278,3400,3,1,2,1.0,0.0,1.0,0.0,0.0,2,1.0,1.0
405,3060,3,1,1,1.0,0.0,0.0,0.0,0.0,0,0.0,2.0
275,4032,2,1,1,1.0,0.0,1.0,0.0,0.0,0,0.0,0.0
103,6350,3,2,3,1.0,1.0,0.0,0.0,1.0,0,0.0,0.0
322,3460,3,2,1,1.0,0.0,1.0,0.0,1.0,1,0.0,0.0
74,4040,3,1,2,1.0,0.0,1.0,1.0,0.0,1,0.0,0.0
349,4820,3,1,2,1.0,0.0,0.0,0.0,0.0,0,0.0,1.0
522,2475,3,1,2,1.0,0.0,0.0,0.0,0.0,0,0.0,0.0
119,7020,3,1,1,1.0,0.0,1.0,0.0,1.0,2,1.0,1.0
318,4340,3,1,1,1.0,0.0,0.0,0.0,0.0,0,0.0,1.0
338,3780,2,1,2,1.0,1.0,1.0,0.0,0.0,0,0.0,1.0
403,12944,3,1,1,1.0,0.0,0.0,0.0,0.0,0,0.0,2.0
488,5200,4,1,3,1.0,0.0,0.0,0.0,0.0,0,0.0,2.0
290,2610,4,3,2,0.0,0.0,0.0,0.0,0.0,0,0.0,1.0
478,3600,3,1,2,0.0,0.0,0.0,0.0,0.0,1,0.0,2.0
334,3290,2,1,1,1.0,0.0,0.0,1.0,0.0,1,0.0,0.0
436,2145,3,1,2,1.0,0.0,1.0,0.0,0.0,0,1.0,0.0
310,5985,3,1,1,1.0,0.0,1.0,0.0,0.0,0,0.0,1.0
36,7482,3,2,3,1.0,0.0,0.0,1.0,0.0,1,1.0,0.0
139,6360,3,1,1,1.0,1.0,1.0,0.0,1.0,2,1.0,0.0
253,3520,2,1,2,1.0,0.0,0.0,0.0,0.0,0,1.0,0.0
321,3630,3,2,2,1.0,0.0,0.0,1.0,0.0,2,0.0,1.0
59,6000,3,2,4,1.0,1.0,0.0,0.0,1.0,1,0.0,0.0
111,8372,3,1,3,1.0,0.0,0.0,0.0,1.0,2,0.0,2.0
298,5800,3,1,1,1.0,0.0,0.0,1.0,0.0,2,0.0,1.0
291,2953,3,1,2,1.0,0.0,1.0,0.0,1.0,0,0.0,2.0
262,3750,2,1,1,1.0,1.0,1.0,0.0,0.0,0,0.0,1.0
410,3850,3,1,1,1.0,0.0,0.0,0.0,0.0,0,0.0,2.0
150,5136,3,1,2,1.0,1.0,1.0,0.0,1.0,0,1.0,2.0
266,4880,3,1,1,1.0,0.0,0.0,0.0,0.0,2,1.0,2.0
434,3792,4,1,2,1.0,0.0,0.0,0.0,0.0,0,0.0,1.0
38,6000,3,1,4,1.0,1.0,0.0,0.0,1.0,2,0.0,2.0
356,2520,5,2,1,0.0,0.0,1.0,0.0,1.0,1,0.0,0.0
198,5948,3,1,2,1.0,0.0,0.0,0.0,1.0,0,0.0,1.0
411,2145,3,1,3,1.0,0.0,0.0,0.0,0.0,0,1.0,0.0
146,10500,2,1,1,1.0,0.0,0.0,0.0,0.0,1,0.0,1.0
446,3986,2,2,1,0.0,1.0,1.0,0.0,0.0,1,0.0,2.0
147,5500,3,2,2,1.0,0.0,0.0,0.0,0.0,1,0.0,1.0
355,8250,3,1,1,1.0,0.0,0.0,0.0,0.0,2,0.0,0.0
323,5400,3,1,1,1.0,0.0,0.0,0.0,0.0,3,0.0,1.0
123,7320,4,2,2,1.0,0.0,0.0,0.0,0.0,0,0.0,0.0
481,2700,2,1,1,0.0,0.0,0.0,0.0,0.0,0,0.0,0.0
96,9000,3,1,1,1.0,0.0,1.0,0.0,0.0,1,1.0,0.0
143,4800,5,2,3,0.0,0.0,1.0,1.0,0.0,0,0.0,2.0
239,4000,3,1,2,1.0,0.0,0.0,0.0,0.0,1,0.0,0.0
472,3630,4,1,2,1.0,0.0,0.0,0.0,0.0,3,0.0,1.0
97,6400,3,1,1,1.0,1.0,1.0,0.0,1.0,1,1.0,1.0
449,1650,3,1,2,0.0,0.0,1.0,0.0,0.0,0,0.0,2.0
293,4410,2,1,1,0.0,0.0,0.0,0.0,0.0,1,0.0,2.0
399,7350,2,1,1,1.0,0.0,0.0,0.0,0.0,1,0.0,1.0
122,6254,4,2,1,1.0,0.0,1.0,0.0,0.0,1,1.0,1.0
183,7980,3,1,1,1.0,0.0,0.0,0.0,0.0,1,1.0,1.0
202,4120,2,1,1,1.0,0.0,1.0,0.0,0.0,1,0.0,1.0
246,3520,3,1,1,1.0,0.0,0.0,0.0,0.0,0,1.0,1.0
346,2176,2,1,2,1.0,1.0,0.0,0.0,0.0,0,1.0,1.0
336,8080,3,1,1,1.0,0.0,0.0,0.0,1.0,2,0.0,1.0
400,3512,2,1,1,1.0,0.0,0.0,0.0,0.0,1,1.0,2.0
408,4000,2,1,1,1.0,0.0,0.0,0.0,0.0,0,0.0,2.0
450,3450,3,1,2,1.0,0.0,1.0,0.0,0.0,0,0.0,1.0
320,4320,3,1,2,1.0,0.0,0.0,0.0,0.0,2,1.0,0.0
125,15600,3,1,1,1.0,0.0,0.0,0.0,1.0,2,0.0,1.0
342,7152,3,1,2,1.0,0.0,0.0,0.0,1.0,0,0.0,0.0
223,6321,3,1,2,1.0,0.0,1.0,0.0,1.0,1,0.0,0.0
514,3000,3,1,2,0.0,0.0,0.0,0.0,0.0,0,0.0,1.0
219,7000,3,1,2,1.0,0.0,1.0,0.0,0.0,0,0.0,2.0
129,11460,3,1,3,1.0,0.0,0.0,0.0,0.0,2,1.0,1.0
477,4960,2,1,1,1.0,0.0,0.0,0.0,0.0,0,0.0,2.0
325,3460,4,1,2,1.0,0.0,0.0,0.0,1.0,0,0.0,1.0
532,3000,2,1,1,0.0,0.0,0.0,0.0,0.0,0,0.0,2.0
485,3630,2,1,1,1.0,0.0,0.0,0.0,0.0,0,0.0,2.0
487,5400,4,1,2,1.0,0.0,0.0,0.0,0.0,0,0.0,2.0
404,4900,3,1,2,0.0,0.0,0.0,0.0,0.0,0,0.0,2.0
332,5500,4,1,2,1.0,1.0,1.0,0.0,0.0,0,0.0,1.0
294,4000,4,2,2,0.0,0.0,0.0,0.0,0.0,0,0.0,1.0
417,3640,2,1,1,1.0,0.0,0.0,0.0,0.0,0,0.0,0.0
384,4500,2,1,1,0.0,0.0,0.0,0.0,0.0,0,0.0,0.0
438,4500,2,1,1,0.0,0.0,0.0,0.0,0.0,0,0.0,1.0
112,4300,6,2,2,1.0,0.0,0.0,0.0,0.0,0,0.0,0.0
179,3180,3,2,2,1.0,0.0,0.0,0.0,0.0,2,0.0,1.0
348,3150,2,2,1,0.0,0.0,1.0,0.0,0.0,0,0.0,1.0
383,4500,4,2,2,1.0,0.0,1.0,0.0,0.0,2,0.0,0.0
374,3520,2,2,1,1.0,0.0,1.0,0.0,0.0,0,0.0,1.0
314,4040,2,1,2,1.0,0.0,0.0,0.0,0.0,1,0.0,1.0
151,4400,4,1,2,1.0,0.0,0.0,0.0,1.0,2,1.0,1.0
448,4095,2,1,1,1.0,0.0,0.0,0.0,0.0,2,0.0,1.0
233,4160,3,1,1,1.0,1.0,1.0,0.0,1.0,0,0.0,2.0
507,3600,2,1,1,1.0,0.0,0.0,0.0,0.0,0,0.0,2.0
352,5830,2,1,1,1.0,0.0,0.0,0.0,0.0,2,0.0,2.0
164,6710,3,2,2,1.0,1.0,1.0,0.0,0.0,1,1.0,0.0
317,4992,3,2,2,1.0,0.0,0.0,0.0,0.0,2,0.0,2.0
136,5400,4,2,2,1.0,0.0,0.0,0.0,1.0,2,0.0,2.0
197,2800,3,2,2,0.0,0.0,1.0,0.0,1.0,1,0.0,1.0
258,4040,3,1,2,1.0,0.0,0.0,0.0,0.0,1,0.0,1.0
232,3745,3,1,2,1.0,0.0,1.0,0.0,0.0,0,0.0,0.0
115,8000,3,1,1,1.0,1.0,1.0,0.0,1.0,2,1.0,1.0
120,6540,3,1,1,1.0,1.0,1.0,0.0,0.0,2,1.0,0.0
396,3640,2,1,1,1.0,0.0,0.0,0.0,0.0,1,0.0,1.0
224,10240,2,1,1,1.0,0.0,0.0,0.0,1.0,2,1.0,2.0
457,3000,3,1,1,0.0,0.0,0.0,0.0,1.0,0,0.0,2.0
381,4000,2,1,1,1.0,0.0,0.0,0.0,0.0,0,1.0,1.0
347,3350,3,1,2,1.0,0.0,0.0,0.0,0.0,0,0.0,2.0
127,6500,3,2,3,1.0,0.0,0.0,0.0,1.0,0,0.0,2.0
535,3360,2,1,1,1.0,0.0,0.0,0.0,0.0,1,0.0,2.0
285,6650,3,1,2,1.0,1.0,0.0,0.0,0.0,0,0.0,1.0
492,2650,3,1,2,1.0,0.0,1.0,0.0,0.0,1,0.0,2.0
468,2835,2,1,1,1.0,0.0,0.0,0.0,0.0,0,0.0,1.0
107,6420,3,1,3,1.0,0.0,1.0,0.0,0.0,0,1.0,2.0
421,4750,2,1,1,1.0,0.0,0.0,0.0,0.0,0,0.0,2.0
369,3600,2,1,1,1.0,0.0,0.0,0.0,0.0,0,0.0,0.0
133,4800,3,1,3,1.0,0.0,0.0,0.0,1.0,0,0.0,2.0
526,3180,2,1,1,1.0,0.0,0.0,0.0,0.0,0,0.0,2.0
44,6000,4,2,4,1.0,0.0,0.0,0.0,1.0,1,0.0,0.0
169,6540,4,2,2,0.0,0.0,0.0,0.0,1.0,0,0.0,1.0
65,8880,3,2,2,1.0,0.0,1.0,0.0,1.0,1,0.0,0.0
283,4360,4,1,2,1.0,0.0,0.0,0.0,0.0,0,0.0,0.0
85,8250,3,2,3,1.0,0.0,0.0,0.0,1.0,0,0.0,0.0
242,3640,3,1,2,1.0,0.0,0.0,0.0,1.0,0,0.0,0.0
186,11410,2,1,2,1.0,0.0,0.0,0.0,0.0,0,1.0,0.0
437,5880,3,1,1,1.0,0.0,0.0,0.0,0.0,1,0.0,2.0
159,3150,3,2,1,1.0,1.0,1.0,0.0,1.0,0,0.0,0.0
12,6550,4,2,2,1.0,0.0,0.0,0.0,1.0,1,1.0,1.0
35,7000,3,2,4,1.0,0.0,0.0,0.0,1.0,2,0.0,0.0
28,7950,5,2,2,1.0,0.0,1.0,1.0,0.0,2,0.0,2.0
170,5500,3,2,1,1.0,0.0,1.0,0.0,0.0,0,0.0,1.0
142,10500,4,2,2,1.0,0.0,0.0,0.0,0.0,1,0.0,1.0
453,3069,2,1,1,1.0,0.0,0.0,0.0,0.0,1,0.0,2.0
386,3850,3,1,1,1.0,0.0,0.0,0.0,0.0,2,0.0,2.0
221,3420,4,2,2,1.0,0.0,0.0,0.0,0.0,0,0.0,1.0
95,4100,3,2,3,1.0,0.0,0.0,0.0,1.0,2,0.0,1.0
51,6325,3,1,4,1.0,0.0,0.0,0.0,1.0,1,0.0,2.0
240,3840,3,1,2,1.0,0.0,0.0,0.0,0.0,1,1.0,1.0
423,3750,3,1,1,1.0,0.0,0.0,0.0,0.0,0,0.0,2.0
351,3600,2,1,1,1.0,0.0,0.0,0.0,0.0,0,0.0,1.0
432,6060,3,1,1,1.0,1.0,1.0,0.0,0.0,0,0.0,0.0
178,7085,3,1,1,1.0,1.0,1.0,0.0,0.0,2,1.0,1.0
444,3120,3,1,2,0.0,0.0,0.0,0.0,0.0,0,0.0,0.0
41,6360,3,2,4,1.0,0.0,0.0,0.0,1.0,0,1.0,0.0
495,4000,3,1,2,1.0,0.0,0.0,0.0,0.0,1,0.0,2.0
441,4370,3,1,2,1.0,0.0,0.0,0.0,0.0,0,0.0,2.0
206,5800,2,1,1,1.0,1.0,1.0,0.0,1.0,0,0.0,1.0
392,3990,3,1,2,1.0,0.0,0.0,0.0,0.0,0,0.0,1.0
282,2175,3,1,2,0.0,1.0,1.0,0.0,1.0,0,0.0,2.0
358,3480,2,1,1,1.0,0.0,0.0,0.0,0.0,0,1.0,1.0
397,5900,2,1,1,1.0,0.0,0.0,0.0,0.0,1,0.0,0.0
254,4510,4,1,2,1.0,0.0,0.0,0.0,1.0,2,0.0,1.0
469,4600,2,1,1,1.0,0.0,0.0,0.0,0.0,0,0.0,0.0
4,7420,4,1,2,1.0,1.0,1.0,0.0,1.0,2,0.0,0.0
256,4000,3,1,2,1.0,0.0,0.0,0.0,0.0,2,0.0,0.0
509,3600,2,2,2,1.0,0.0,1.0,0.0,0.0,1,0.0,0.0
100,6600,3,2,1,1.0,0.0,1.0,0.0,1.0,0,1.0,2.0
226,5170,3,1,4,1.0,0.0,0.0,0.0,1.0,0,0.0,1.0
508,4400,2,1,1,1.0,0.0,0.0,0.0,0.0,0,0.0,2.0
213,4995,4,2,1,1.0,0.0,1.0,0.0,0.0,0,0.0,1.0
479,3660,4,1,2,0.0,0.0,0.0,0.0,0.0,0,0.0,2.0
171,10269,3,1,1,1.0,0.0,0.0,0.0,0.0,1,1.0,1.0
98,6600,3,2,3,1.0,0.0,0.0,0.0,1.0,0,1.0,2.0
292,2747,4,2,2,0.0,0.0,0.0,0.0,0.0,0,0.0,1.0
215,4160,3,1,3,1.0,0.0,0.0,0.0,0.0,0,0.0,2.0
61,8880,2,1,1,1.0,0.0,0.0,0.0,1.0,1,0.0,1.0
406,5320,2,1,1,1.0,0.0,0.0,0.0,0.0,1,1.0,2.0
47,6600,3,1,4,1.0,0.0,0.0,0.0,1.0,3,1.0,0.0
32,4880,4,2,2,1.0,0.0,0.0,0.0,1.0,1,1.0,0.0
267,4920,3,1,2,1.0,0.0,0.0,0.0,0.0,1,0.0,1.0
327,6480,3,1,2,0.0,0.0,0.0,0.0,1.0,1,0.0,1.0
200,4520,3,1,2,1.0,0.0,1.0,0.0,1.0,0,0.0,1.0
506,2910,2,1,1,0.0,0.0,0.0,0.0,0.0,0,0.0,2.0
27,8875,3,1,1,1.0,0.0,0.0,0.0,0.0,1,0.0,1.0
489,3300,3,1,2,0.0,0.0,0.0,0.0,0.0,1,0.0,1.0
230,5400,2,1,2,1.0,0.0,0.0,0.0,0.0,0,1.0,1.0
260,3162,3,1,2,1.0,0.0,0.0,0.0,1.0,1,0.0,0.0
378,2275,3,1,3,1.0,0.0,0.0,1.0,1.0,0,1.0,1.0
288,5040,3,1,2,1.0,0.0,1.0,0.0,1.0,0,0.0,2.0
418,3500,4,1,2,1.0,0.0,0.0,0.0,1.0,2,0.0,2.0
162,6600,4,2,2,1.0,1.0,1.0,0.0,0.0,0,1.0,1.0
391,3036,3,1,2,1.0,0.0,1.0,0.0,0.0,0,0.0,1.0
482,3150,3,1,2,0.0,0.0,0.0,0.0,0.0,0,0.0,2.0
138,5000,3,1,3,1.0,0.0,0.0,0.0,1.0,0,0.0,1.0
62,6240,4,2,2,1.0,0.0,0.0,0.0,1.0,1,0.0,0.0
135,6000,3,2,4,1.0,0.0,0.0,0.0,1.0,0,0.0,2.0
128,5500,3,1,3,1.0,1.0,0.0,0.0,1.0,1,0.0,0.0
528,3970,1,1,1,0.0,0.0,0.0,0.0,0.0,0,0.0,2.0
8,8100,4,1,2,1.0,1.0,1.0,0.0,1.0,2,1.0,0.0
326,4100,4,1,1,0.0,0.0,1.0,0.0,0.0,0,0.0,2.0
344,3850,2,1,1,1.0,0.0,0.0,0.0,0.0,0,0.0,1.0
64,11175,3,1,1,1.0,0.0,1.0,0.0,1.0,1,1.0,0.0
300,4079,3,1,3,1.0,0.0,0.0,0.0,0.0,0,0.0,1.0
14,7800,3,2,2,1.0,0.0,0.0,0.0,0.0,0,1.0,1.0
156,6900,3,1,1,1.0,1.0,1.0,0.0,0.0,0,1.0,1.0
40,6550,3,1,2,1.0,0.0,1.0,0.0,1.0,0,1.0,0.0
379,3520,3,1,1,1.0,0.0,0.0,0.0,0.0,2,1.0,2.0
187,6100,3,1,1,1.0,0.0,1.0,0.0,1.0,0,1.0,1.0
534,3000,4,1,2,1.0,0.0,0.0,0.0,0.0,0,0.0,2.0
216,6040,3,1,1,1.0,0.0,0.0,0.0,0.0,2,1.0,1.0
409,3185,2,1,1,1.0,0.0,0.0,0.0,0.0,2,0.0,2.0
279,6360,2,1,1,1.0,0.0,0.0,0.0,0.0,0,0.0,0.0
494,6800,2,1,1,1.0,0.0,0.0,0.0,0.0,0,0.0,2.0
490,4350,3,1,2,0.0,0.0,0.0,1.0,0.0,1,0.0,2.0
337,2145,4,2,1,1.0,0.0,1.0,0.0,0.0,0,1.0,2.0
236,2870,2,1,2,1.0,1.0,1.0,0.0,0.0,0,1.0,1.0
207,3000,3,1,2,1.0,0.0,1.0,0.0,1.0,0,0.0,1.0
212,3420,4,2,2,1.0,0.0,1.0,0.0,1.0,2,0.0,1.0
295,2325,3,1,2,0.0,0.0,0.0,0.0,0.0,0,0.0,1.0
513,4400,3,1,2,1.0,0.0,0.0,0.0,0.0,0,0.0,2.0
251,3450,3,1,2,1.0,0.0,1.0,0.0,0.0,1,0.0,1.0
536,3420,5,1,2,0.0,0.0,0.0,0.0,0.0,0,0.0,2.0
455,5495,3,1,1,1.0,0.0,1.0,0.0,0.0,0,0.0,2.0
542,3620,2,1,1,1.0,0.0,0.0,0.0,0.0,0,0.0,2.0
303,4500,3,1,1,1.0,0.0,1.0,0.0,0.0,0,0.0,0.0
350,3420,2,1,2,1.0,0.0,0.0,1.0,0.0,1,0.0,1.0
269,3900,3,1,2,1.0,0.0,0.0,0.0,0.0,0,0.0,2.0
445,3450,1,1,1,1.0,0.0,0.0,0.0,0.0,0,0.0,0.0
201,4095,3,1,2,0.0,1.0,1.0,0.0,1.0,0,0.0,1.0
161,6100,3,1,3,1.0,1.0,0.0,0.0,1.0,0,1.0,1.0
43,6000,4,2,4,1.0,0.0,0.0,0.0,0.0,2,0.0,1.0
217,6862,3,1,2,1.0,0.0,0.0,0.0,1.0,2,1.0,0.0
401,9500,3,1,2,1.0,0.0,0.0,0.0,0.0,3,1.0,2.0
190,7600,4,1,2,1.0,0.0,0.0,0.0,1.0,2,0.0,0.0
309,4632,4,1,2,1.0,0.0,0.0,0.0,1.0,0,0.0,1.0
259,6360,2,1,1,1.0,0.0,1.0,0.0,1.0,1,0.0,0.0
105,4500,3,1,4,1.0,0.0,0.0,0.0,1.0,0,0.0,2.0
53,5150,3,2,4,1.0,0.0,0.0,0.0,1.0,2,0.0,1.0
389,4600,4,1,2,1.0,0.0,0.0,0.0,0.0,0,0.0,1.0
1,8960,4,4,4,1.0,0.0,0.0,0.0,1.0,3,0.0,0.0
501,2430,3,1,1,0.0,0.0,0.0,0.0,0.0,0,0.0,2.0
359,3600,3,1,1,1.0,0.0,0.0,0.0,0.0,1,0.0,2.0
49,7440,3,2,1,1.0,1.0,1.0,0.0,1.0,0,1.0,1.0
419,4960,4,1,3,0.0,0.0,0.0,0.0,0.0,0,0.0,1.0
80,6000,3,1,2,1.0,0.0,0.0,1.0,0.0,1,1.0,1.0
205,6300,3,1,1,1.0,0.0,0.0,0.0,1.0,2,0.0,1.0
34,6840,5,1,2,1.0,1.0,1.0,0.0,1.0,1,0.0,0.0
430,2500,2,1,1,0.0,0.0,0.0,0.0,1.0,0,0.0,2.0
263,3968,3,1,2,0.0,0.0,0.0,0.0,0.0,0,0.0,1.0
427,2145,3,1,2,1.0,0.0,1.0,0.0,0.0,0,1.0,0.0
454,4500,3,1,2,1.0,0.0,0.0,0.0,1.0,0,0.0,2.0
443,4320,3,1,1,0.0,0.0,0.0,0.0,0.0,1,0.0,2.0
366,3630,2,1,1,1.0,0.0,1.0,0.0,0.0,0,0.0,0.0
91,6750,2,1,1,1.0,1.0,1.0,0.0,0.0,2,1.0,0.0
339,3180,4,2,2,1.0,0.0,0.0,0.0,0.0,0,0.0,0.0
525,3640,2,1,1,1.0,0.0,0.0,0.0,0.0,0,0.0,2.0
52,6000,4,2,4,1.0,1.0,0.0,0.0,1.0,1,0.0,0.0
345,2015,3,1,2,1.0,0.0,1.0,0.0,0.0,0,1.0,1.0
264,4900,2,1,2,1.0,0.0,1.0,0.0,0.0,0,0.0,1.0
241,3760,3,1,1,1.0,0.0,0.0,0.0,0.0,2,0.0,1.0
13,3500,4,2,2,1.0,0.0,0.0,1.0,0.0,2,0.0,0.0
315,5600,2,1,1,1.0,0.0,0.0,0.0,1.0,0,0.0,1.0
88,7410,3,1,1,1.0,1.0,1.0,0.0,1.0,2,1.0,2.0
387,4240,3,1,2,1.0,0.0,0.0,0.0,1.0,0,0.0,1.0
273,3500,4,1,2,1.0,0.0,0.0,0.0,0.0,2,0.0,0.0
166,7800,3,1,1,1.0,0.0,1.0,0.0,1.0,2,1.0,2.0
328,4500,3,2,2,0.0,0.0,1.0,0.0,1.0,0,0.0,1.0
539,2990,2,1,1,0.0,0.0,0.0,0.0,0.0,1,0.0,2.0
134,7000,3,1,1,1.0,0.0,1.0,0.0,0.0,2,1.0,1.0
306,4840,3,1,2,1.0,0.0,0.0,0.0,0.0,1,0.0,1.0
484,3040,2,1,1,0.0,0.0,0.0,0.0,0.0,0,0.0,2.0
530,1950,3,1,1,0.0,0.0,0.0,1.0,0.0,0,0.0,2.0
504,3185,2,1,1,1.0,0.0,0.0,0.0,1.0,0,0.0,2.0
319,3000,4,1,3,1.0,0.0,1.0,0.0,1.0,2,0.0,1.0
243,2550,3,1,2,1.0,0.0,1.0,0.0,0.0,0,0.0,0.0
189,3540,2,1,1,0.0,1.0,1.0,0.0,0.0,0,0.0,1.0
475,3000,2,1,2,1.0,0.0,0.0,0.0,0.0,0,0.0,1.0
510,2880,3,1,1,0.0,0.0,0.0,0.0,0.0,0,0.0,2.0
58,7680,4,2,4,1.0,1.0,0.0,0.0,1.0,1,0.0,1.0
474,4352,4,1,2,0.0,0.0,0.0,0.0,0.0,1,0.0,2.0
252,9860,3,1,1,1.0,0.0,0.0,0.0,0.0,0,0.0,1.0
21,7155,3,2,1,1.0,1.0,1.0,0.0,1.0,2,0.0,2.0
313,3680,3,2,2,1.0,0.0,0.0,0.0,0.0,0,0.0,1.0
459,3500,2,1,1,1.0,0.0,0.0,0.0,0.0,0,0.0,2.0
160,6210,4,1,4,1.0,1.0,0.0,0.0,1.0,0,0.0,0.0
276,4400,2,1,1,1.0,0.0,0.0,0.0,0.0,1,0.0,1.0
191,10700,3,1,2,1.0,1.0,1.0,0.0,0.0,0,0.0,1.0
385,3640,2,1,1,1.0,0.0,0.0,0.0,0.0,0,0.0,2.0
413,1950,3,2,2,1.0,0.0,1.0,0.0,0.0,0,1.0,2.0
491,2640,2,1,1,0.0,0.0,0.0,0.0,0.0,1,0.0,0.0
343,4080,2,1,1,1.0,0.0,0.0,0.0,0.0,0,0.0,1.0
308,4046,3,1,2,1.0,0.0,1.0,0.0,0.0,1,0.0,1.0
130,4800,3,1,1,1.0,1.0,1.0,0.0,0.0,0,0.0,2.0
99,6000,4,1,3,1.0,1.0,1.0,0.0,0.0,0,1.0,2.0
372,3180,3,1,2,0.0,0.0,1.0,0.0,0.0,0,0.0,1.0
87,3960,3,1,1,1.0,0.0,1.0,0.0,0.0,2,0.0,1.0
458,3850,3,1,2,1.0,0.0,0.0,0.0,0.0,0,0.0,2.0
330,4050,2,1,2,1.0,1.0,1.0,0.0,0.0,0,1.0,2.0
214,4350,2,1,1,1.0,0.0,1.0,0.0,0.0,0,0.0,2.0
466,3090,3,1,2,0.0,0.0,0.0,0.0,0.0,0,0.0,1.0
121,7231,3,1,2,1.0,1.0,1.0,0.0,1.0,0,1.0,1.0
20,4320,3,1,2,1.0,0.0,1.0,1.0,0.0,2,0.0,1.0
71,6000,4,2,4,1.0,0.0,0.0,0.0,1.0,0,0.0,2.0
106,5450,4,2,1,1.0,0.0,1.0,0.0,1.0,0,1.0,1.0
270,4500,3,2,3,1.0,0.0,0.0,1.0,0.0,1,0.0,0.0
435,4040,2,1,1,1.0,0.0,0.0,0.0,0.0,0,0.0,2.0
102,5500,3,2,4,1.0,1.0,0.0,0.0,1.0,1,0.0,1.0
